<?xml version="1.0" encoding="UTF-8"?>
<module rename-to='easejswar'>
	<!-- Inherit the core Web Toolkit stuff.                        -->
	<inherits name='com.google.gwt.user.User' />

	<!-- Inherit the default GWT style sheet.  You can change       -->
	<!-- the theme of your GWT application by uncommenting          -->
	<!-- any one of the following lines.                            -->
	<inherits name='com.google.gwt.user.theme.clean.Clean' />
	<!-- <inherits name='com.google.gwt.user.theme.standard.Standard'/> -->
	<!-- <inherits name='com.google.gwt.user.theme.chrome.Chrome'/> -->
	<!-- <inherits name='com.google.gwt.user.theme.dark.Dark'/>     -->

	<!-- Other module inherits                                      -->
	<inherits name="com.sinewavemultimedia.easeljs.framework.EaselJS" />
	<inherits name="com.sinewavemultimedia.easeljs.framework.PreloadJS" />
	<inherits name="com.sinewavemultimedia.easeljs.framework.SoundJS" />
	<inherits name="com.sinewavemultimedia.easeljs.framework.TweenJS" />
	<inherits name="com.extjs.gxt.ui.GXT" />
	<!-- Specify the app entry point class.                         -->
	<entry-point class='com.easeljs.html5.client.EaseJSWar' />

	<!-- Specify the paths for translatable code                    -->
	<source path='client' />
	<source path='shared' />
</module>
