<module>
	<inherits name="com.google.gwt.user.User"/>
	<inherits name="com.google.gwt.user.theme.standard.Standard"/>
	<inherits name="com.sinewavemultimedia.easeljs.framework.EaselJS"/>
	<inherits name="com.sinewavemultimedia.easeljs.framework.SoundJS"/>
	<inherits name="com.sinewavemultimedia.easeljs.framework.PreloadJS"/>
	<inherits name="com.sinewavemultimedia.easeljs.framework.TweenJS"/>
	<inherits name="com.extjs.gxt.ui.GXT"/>
	<entry-point class="com.easeljs.html5.client.EaseJSWar"/>
</module>
